Id,SalePrice
1461,118093.36332613495476
1462,168352.80285336389278
1463,174515.01041806227332
1464,197658.21646660014511
1465,249706.4403117004713
1466,196262.40597863863977
1467,187320.39885178383113
1468,189874.75451252834009
1469,195881.50799148957522
1470,113599.3532127193553
1471,224719.51700784176347
1472,123984.34162252534909
1473,112318.70740657605856
1474,162610.12571442692737
1475,144661.43595251680352
1476,416929.08636393996417
1477,318129.374473594665
1478,341787.09556430372072
1479,340645.23277924802042
1480,487720.51083107272325
1481,327425.9925654982775
1482,256502.08561419255018
1483,195442.06853009858102
1484,183766.66270327387679
1485,203524.19294600689788
1486,228749.54013030373126
1487,359114.37765954032886
1488,294544.9193992626878
1489,194640.93739682514166
1490,178724.60019842807242
1491,193849.56049357898706
1492,115586.10650818036123
1493,199384.85728523558052
1494,353746.4704598581087
1495,313587.85022451393527
1496,233328.87675779456671
1497,197807.56685679683
1498,173858.6771084503724
1499,173858.6771084503724
1500,152305.32427109140963
1501,162269.00214272650668
1502,195203.63612278431916
1503,314349.58668611170026
1504,269311.0086109170992
1505,208857.5560696678114
1506,226714.11508512216645
1507,213278.95974185492739
1508,214990.89279093700003
1509,165600.5211237330233
1510,144135.10938284906885
1511,143439.87486021789371
1512,157702.73146224044858
1513,195942.04317328246731
1514,143493.23517536141023
1515,178913.89544889036901
1516,164564.90985736613257
1517,157827.91225304529772
1518,163268.98784689354531
1519,208849.19054949776199
1520,140002.46549684698846
1521,142631.50886678795753
1522,175172.15084578679301
1523,108379.02153851748223
1524,117281.22465819001632
1525,117026.48588410253437
1526,117586.52182707470854
1527,113550.178525430071865
1528,136101.18871002703031
1529,164226.10682469674217
1530,172571.17984462747512
1531,117214.24621254954768
1532,102688.08767240188252
1533,150566.22135793863585
1534,136895.51998377440756
1535,133614.4294831530419
1536,123909.635424428681624
1537,86318.46433039372607
1538,190141.12824040144747
1539,238641.2737911264671
1540,130151.6808811599604
1541,164864.94278992527782
1542,132621.28830615601429
1543,215576.64629721430904
1544,96208.85104064918326
1545,129697.810563125216014
1546,152887.43637464693602
1547,125618.71416237238799
1548,140546.93856364069082
1549,129810.6653009164526
1550,146545.45154059974772
1551,138103.22480283991756
1552,139629.51409553334439
1553,128143.13804839336874
1554,135449.87241145008372
1555,159489.42836378528001
1556,135734.61687916933133
1557,116548.22917555940787
1558,144317.35755457715852
1559,116645.1922930643378
1560,148927.91122953979577
1561,122269.74332701643559
1562,113720.105586072993226
1563,112850.940539981429794
1564,172971.23738464989523
1565,140026.90136988172358
1566,231031.38780999047992
1567,106745.46164542043406
1568,216603.75020236281608
1569,103032.50302288837293
1570,130650.49272923816515
1571,111147.85754801746597
1572,125224.233478410161815
1573,220517.88005928900051
1574,169424.85382813898711
1575,203120.48443839042827
1576,281954.15893729168545
1577,193115.53965095945284
1578,186753.52893081668752
1579,133145.309324698037
1580,227527.88198006665098
1581,135237.67342816126131
1582,129387.47209325152263
1583,329026.15648466895013
1584,219077.19294378705916
1585,145962.98447750638687
1586,74308.62677321840161
1587,107952.781515138090555
1588,142176.82356838898377
1589,115849.08916271123982
1590,136749.37678802790562
1591,91314.62389624812183
1592,126808.66048619139988
1593,145858.34202330045501
1594,109653.01535550603914
1595,117257.29140477621382
1596,228117.98652134906216
1597,168077.3560151248744
1598,215345.89134501382514
1599,231102.12445582197248
1600,243155.7561200445539
1601,68855.50941415818551
1602,133913.32147844140012
1603,99735.624798186843236
1604,276705.88140957766421
1605,287251.56975362267502
1606,166860.03994295311028
1607,239054.92989285864167
1608,259746.28252530279349
1609,189949.37397879744549
1610,133680.7072294690063
1611,142654.77103174048938
1612,156055.95897842581432
1613,153480.55533424939733
1614,115896.05406297720789
1615,88200.787420158710134
1616,88200.787420158710134
1617,99327.557086258231905
1618,113176.217643636812355
1619,127934.21105164115699
1620,182562.42123886799025
1621,135813.60287034959991
1622,145014.90890849995756
1623,254806.38055573781489
1624,183759.30216168115277
1625,147217.96612531591217
1626,176906.55845428498586
1627,198203.92918562525003
1628,341665.53614708446918
1629,181155.34927769021559
1630,348734.0677800607579
1631,263141.15449226380255
1632,281179.19955491393955
1633,203843.34387644137217
1634,170473.81458170415016
1635,190059.001831708162
1636,161822.99980280503394
1637,163284.55922878804705
1638,242412.51987932792004
1639,183148.35582038548387
1640,279390.42478916459447
1641,177601.66504211956129
1642,206889.79349059846119
1643,241590.44116811249751
1644,235538.66998522174296
1645,187409.38449736418728
1646,160773.90238069380038
1647,213440.92730824021231
1648,164480.81029083062565
1649,136064.07178382488574
1650,113795.722384596244964
1651,113795.722384596244964
1652,123984.34162252534909
1653,124051.52106519888227
1654,164419.17504516223295
1655,178986.9385143474847
1656,162610.12571442692737
1657,164419.17504516223295
1658,162610.12571442692737
1659,145185.25365274531231
1660,138147.74875926057638
1661,418667.09773499475293
1662,402797.54429960483188
1663,385591.8827822227671
1664,525079.3671308545861
1665,350537.3047491090781
1666,341017.40701125685376
1667,333884.54817217528824
1668,386263.94281094850385
1669,358201.1216397994993
1670,390001.7216152151662
1671,252697.62454892801813
1672,468139.7496189053308
1673,351772.0360636199964
1674,323377.1941354264992
1675,197314.31039599029981
1676,194035.07411626818461
1677,224382.44582522555577
1678,544513.68170182091967
1679,380940.07029652743705
1680,339350.18768297939602
1681,270063.04497198988562
1682,297078.52479973270485
1683,199925.61290146445543
1684,182203.4198022432858
1685,189905.54054521381047
1686,186843.67079530386792
1687,203524.19294600689788
1688,224783.39051893748024
1689,222732.90813183833322
1690,216922.10231650352911
1691,209080.1620710530785
1692,319243.2544579289877
1693,203524.19294600689788
1694,191758.20874034742567
1695,175010.84699943054034
1696,288796.92856832503105
1697,205691.87607469864592
1698,348643.61783965351913
1699,364037.04362696434325
1700,219403.99285743713622
1701,295797.0202991046251
1702,333938.3651630797853
1703,291748.98430066690696
1704,302551.87351265018003
1705,260957.44794033729656
1706,435378.98468863571642
1707,229714.06118016456011
1708,204159.49059509810667
1709,365854.5066635611084
1710,237756.92023685968292
1711,279266.0210788431726
1712,262913.38878360418903
1713,254847.45141536871895
1714,237670.09328766598027
1715,224027.93286242427456
1716,191768.26717491511711
1717,184833.18997465096251
1718,125390.58220096009621
1719,231831.68606467478024
1720,314875.2544341707771
1721,185863.89293862317182
1722,108993.054570836560956
1723,140900.83883975648912
1724,242177.75115066764965
1725,247794.39335650198535
1726,171649.21873293005264
1727,171920.51746420373748
1728,188372.33677638629295
1729,185189.95505959307674
1730,162329.8313654416046
1731,155144.53232143261855
1732,149422.71058950217133
1733,128740.53354566051458
1734,135080.67472371412366
1735,130761.43288991015059
1736,114627.00682997380409
1737,361815.68765374312284
1738,201979.44612756910729
1739,314166.4695246093458
1740,219851.59662856587887
1741,188937.99395292307219
1742,162269.00214272650668
1743,184354.3524881869827
1744,281878.87883854865487
1745,223161.97556881086265
1746,247878.06337947502658
1747,240565.2708428114693
1748,207568.65241858345578
1749,148048.51353807291495
1750,144093.87760970723572
1751,255737.32147027321193
1752,112899.92008460789469
1753,160430.51072199514697
1754,217915.50333195178268
1755,168164.41711738681654
1756,112967.12660133755581
1757,112893.890685975774886
1758,171168.94597017078038
1759,179934.75478761503935
1760,150347.83272711559283
1761,169952.41478916159618
1762,188594.51115482640279
1763,173300.31366499718487
1764,116598.924600805890506
1765,191470.94331647732164
1766,202849.08205485751073
1767,209674.80538296583804
1768,124343.13191586191061
1769,222745.44100527438141
1770,152214.27934932086085
1771,126347.52881163021764
1772,134270.23669056718846
1773,111360.271881264555816
1774,177431.69382731388542
1775,155584.44304297209125
1776,130368.45631016125394
1777,110151.920163718321575
1778,119228.51119841884521
1779,109153.24721512980489
1780,184353.64922966930271
1781,126163.78664540746049
1782,85825.29602463776359
1783,141564.18968798548076
1784,96358.983990709614474
1785,120750.66447549897553
1786,159347.27645050062782
1787,192055.06287701875253
1788,61338.510567020794674
1789,127870.05066134065363
1790,82743.51698184253665
1791,254377.59798511341813
1792,152299.22386681929115
1793,179598.90400011755699
1794,151903.80072629743013
1795,157560.21859131192505
1796,143579.74840097777192
1797,163413.54733941739438
1798,119730.782770821240646
1799,107935.38390262520501
1800,114276.52432505116266
1801,111145.1015871060885
1802,167117.55341619720164
1803,172790.53657623912409
1804,153118.27520172612304
1805,135877.60225658877991
1806,141579.98639827053466
1807,179807.12958984773894
1808,128858.45391132080589
1809,106668.32409957246607
1810,141888.03651954089875
1811,99789.57029992637037
1812,110973.095395949913424
1813,121611.2968156707029
1814,111567.45281442628805
1815,65259.271164572315826
1816,107564.73105430694804
1817,126631.49348198891152
1818,160579.90766495674026
1819,134031.37812593938021
1820,84636.463491493768274
1821,145915.3851210850106
1822,194371.41103067674692
1823,70455.26087314994937
1824,145648.72650683939207
1825,121007.854948752398855
1826,112468.12699514422814
1827,117271.382355197642156
1828,130929.393293197957476
1829,262739.43647332264266
1830,179318.73769165921962
1831,173268.74939456692928
1832,130752.95324024688421
1833,153693.82014807389476
1834,147456.41603804744702
1835,156486.21604290778403
1836,156892.6699059630115
1837,88821.379701967622566
1838,138548.58233825687685
1839,106493.39415802830275
1840,112176.760803193816514
1841,140452.60821395671127
1842,113574.43826529043661
1843,122857.44856501267536
1844,168682.42279956869218
1845,128553.80175246193294
1846,160690.20768801930367
1847,141313.56862978989815
1848,58462.123467037848606
1849,132693.02099110496266
1850,121090.16529525234078
1851,145718.75014528118432
1852,121591.929944417172166
1853,120004.683145427970864
1854,205567.7417267055366
1855,179841.94307381203663
1856,207698.55077044681533
1857,145013.52593561653319
1858,152444.39257552427846
1859,131260.57871249714191
1860,145370.07736953160696
1861,130706.823605185122226
1862,357389.0161954238568
1863,357389.0161954238568
1864,357389.0161954238568
1865,367490.69032650880476
1866,381968.48733069173693
1867,284788.46377013449705
1868,294490.71051871744228
1869,198279.93097940755148
1870,292689.25934067127832
1871,284550.644679293854
1872,186563.0559221215874
1873,244670.07122710631208
1874,118038.415815348339216
1875,217670.61963116678864
1876,175114.85927636285228
1877,229836.33664323736014
1878,209230.75975893504118
1879,130513.0078516484812
1880,152078.03155286042548
1881,275454.19625711546377
1882,290034.5524380451525
1883,198204.49625528749765
1884,207715.58615355468638
1885,237135.77527123869775
1886,262310.06219835756582
1887,201635.32866804565468
1888,291194.98965634105159
1889,155742.24866266041572
1890,107849.87784244222384
1891,148081.27347836696597
1892,99997.633169300795785
1893,127908.7138110409165
1894,131643.06149981094939
1895,134251.03040986060299
1896,120006.39985277436809
1897,121245.240728264522225
1898,131855.15307264111713
1899,155628.07224433425408
1900,149617.7799354598462
1901,145316.85063770326231
1902,145495.18143984589096
1903,265932.89357931738655
1904,122807.07710669279041
1905,209574.64813436566212
1906,131702.33234321910304
1907,190004.27060026616554
1908,145091.96132860226736
1909,150946.78977197496096
1910,150946.78977197496096
1911,204636.09393205664296
1912,251993.94496776206074
1913,163057.36441813582256
1914,90215.56856535607959
1915,276986.53684905089156
1916,67734.73864770722592
1917,292181.68121349076586
1918,130391.95679841584509
1919,162431.41898774227174
1920,164888.52873917693692
1921,421567.83704246714288
1922,374733.8111722880248
1923,218157.74977742344309
1924,236633.79923677574712
1925,242884.82501038116862
1926,411971.89809642996113
1927,134419.11446294081651
1928,171766.95824803186898
1929,126304.157932297483825
1930,125628.53817068500018
1931,132894.1296807270807
1932,133898.63555914301278
1933,171295.83075169210366
1934,197658.21646660014511
1935,159146.95883930510445
1936,197654.06945470498937
1937,186919.05993207297836
1938,174181.96644305547002
1939,280661.87002384008892
1940,249706.4403117004713
1941,198900.37631685869434
1942,169996.34420160938492
1943,254063.87453066678276
1944,361972.37667011852352
1945,394976.2029815840385
1946,207599.73349924300152
1947,292470.5022836045815
1948,204544.58569920191316
1949,247165.64629172894091
1950,217908.2297053119931
1951,276111.18949269533277
1952,226368.43907022547268
1953,163793.00044127994217
1954,205761.13362830155087
1955,136557.01918788649458
1956,417419.23656745499167
1957,175993.99404479440022
1958,353238.09740888553242
1959,153301.79364600525057
1960,101972.94418567171967
1961,130696.97641328310903
1962,123984.34162252534909
1963,124230.29136510143091
1964,118571.401662455587875
1965,162981.80670637725673
1966,178940.00321427805862
1967,294652.52408616475884
1968,367429.36365150020694
1969,403140.7262044269026
1970,427217.83325920657163
1971,677947.4130296004403
1972,414208.76681594002474
1973,290171.22476157501634
1974,349560.84162184764358
1975,502932.34670067397454
1976,318948.67796432637198
1977,343652.38949574876239
1978,399191.73754735115
1979,397866.06252754856882
1980,199175.04307179383677
1981,392953.7323676018238
1982,227735.6347177018539
1983,227735.6347177018539
1984,190801.41993403131549
1985,236283.13852479675728
1986,241524.09520863897043
1987,186725.74692983306892
1988,191696.04103682285486
1989,228088.61899736417462
1990,240068.62700395608161
1991,224382.44582522555577
1992,239171.68492345306623
1993,180759.80627925017518
1994,261220.13725227352822
1995,224780.60371191303652
1996,256425.7754013628887
1997,361883.32481024391296
1998,361854.33590935931568
1999,251857.23935231635362
2000,364623.19710318474
2001,264413.5355902824681
2002,278548.12130949809682
2003,297813.2231066388212
2004,289565.26662866447927
2005,233518.09604430893019
2006,230830.09424811569774
2007,290928.23631514215404
2008,188544.8766874899805
2009,171407.60639346496335
2010,193909.83758115020471
2011,126106.16647126578851
2012,185976.30631979336681
2013,194200.76207894299623
2014,199698.65994822366495
2015,211517.91416549718097
2016,172847.23255226461515
2017,197211.21768717913494
2018,117653.825200585768485
2019,113125.17627729353828
2020,113876.385042687151156
2021,112844.698520775293886
2022,175541.73866245420814
2023,151071.65039567190031
2024,242971.9350013627272
2025,361826.039460294074
2026,216933.68756937400985
2027,151375.66409626380845
2028,183359.47252707938807
2029,163173.10087595865122
2030,315202.74005855736092
2031,286625.46601251587313
2032,295898.02754181732283
2033,308546.55864267795994
2034,181212.5432404680783
2035,231220.0669974507122
2036,223496.57391551253919
2037,224296.22493704412204
2038,387286.41800368234823
2039,231770.45142582262949
2040,440390.97250686347212
2041,243500.82466459946072
2042,201679.75379587252334
2043,201321.93868365601564
2044,193700.42755570965649
2045,242453.44282110524298
2046,163674.63897970166637
2047,140790.6948512163414
2048,132890.58104529203052
2049,193253.71677401239869
2050,225424.84486895957315
2051,121194.9523598101545
2052,138318.07326643330214
2053,139030.1104045249386
2054,108232.55718694768942
2055,152228.65124420800801
2056,118374.467896307693024
2057,119560.653732148331656
2058,186602.20272531052163
2059,125237.13194425418968
2060,133570.09273079698086
2061,206351.45391708993176
2062,122462.996197775207875
2063,110864.14077802681204
2064,162869.93370724330946
2065,131321.68115833994233
2066,177955.50288434604202
2067,118332.14109909547447
2068,174917.90598951248745
2069,88166.89527440532165
2070,117383.49925348639153
2071,93409.97636389614232
2072,244609.41125358355154
2073,155977.24907968611305
2074,221510.63605904181625
2075,156302.91018328279691
2076,131169.6038146096068
2077,128654.12719916888688
2078,119181.55981670863119
2079,160194.91179107982764
2080,132273.29747191900515
2081,138135.23317943316162
2082,137130.98180948028529
2083,144971.62811082144418
2084,111499.696617537265105
2085,122751.80942152535423
2086,122395.39300938032809
2087,137232.50406791640714
2088,120855.849297170593275
2089,105821.563680408968935
2090,140557.7959766877394
2091,101060.18141575398944
2092,129009.6972401529481
2093,134563.7939842480201
2094,134169.88220438339486
2095,172215.07256715127986
2096,107419.36713182054457
2097,101758.53930130312076
2098,175762.18932151144647
2099,66526.74357396882938
2100,84295.237779012622475
2101,145979.9681220762464
2102,156877.40885096653531
2103,107907.90344750745382
2104,171285.70264506730443
2105,109279.069580654857525
2106,88960.15437646762053
2107,238870.56398930389388
2108,117500.20556961645008
2109,104084.20943825863582
2110,138058.71519604394338
2111,190904.62106297752375
2112,136247.67868729050153
2113,117182.50352316985303
2114,132547.06622113664378
2115,151639.06863949166804
2116,130390.837631493345064
2117,147838.14732760367274
2118,137544.08052690243832
2119,133826.63401781410288
2120,133545.12793325358992
2121,116187.329282057927294
2122,102524.671489235281314
2123,98497.728621184248894
2124,209412.41902291827107
2125,161926.58662296810229
2126,174777.33689396154955
2127,167512.3168205274753
2128,145869.74885858951556
2129,165773.0704254847614
2130,143537.03282333672678
2131,188911.68858947680528
2132,138628.41255957095304
2133,152473.61741083406469
2134,135794.95285358268093
2135,121919.02859612926159
2136,81498.68039981333195
2137,120024.712925918362785
2138,134833.55910016964322
2139,156953.72897327295483
2140,133901.9557130339658
2141,168576.121867331749
2142,137182.78017242858361
2143,160709.36471454992433
2144,142241.51535006457979
2145,116551.341417293060005
2146,162285.87106741486954
2147,154824.23774113492769
2148,161151.52933323993895
2149,159480.15041621634234
2150,235892.5001656210156
2151,144917.02701017699205
2152,125901.761262167970926
2153,139997.39191582829397
2154,100242.5467164787031
2155,133489.61072878810488
2156,223302.69710967572598
2157,214775.30703068235712
2158,234200.55691617223661
2159,237915.01307863433884
2160,207919.32661304523205
2161,324302.1649299261369
2162,481775.50152013227003
2163,355443.7384216881508
2164,295020.30600075230217
2165,204625.36057081601888
2166,134778.53455713069671
2167,228428.64344770290992
2168,202480.11640804460755
2169,223490.1796901024336
2170,234259.52927015511516
2171,158850.81750874279103
2172,159341.04595160649822
2173,171082.28727162739592
2174,226081.7126769180695
2175,378945.01762855161326
2176,319572.84483674089037
2177,247724.92616147563476
2178,261651.71991352506645
2179,145962.98447750638687
2180,234604.72569218903105
2181,202104.30477312762804
2182,251594.36777709973826
2183,200945.97699601117846
2184,121733.367447332947854
2185,126346.444358162603386
2186,160159.47197521021575
2187,181937.9287547227274
2188,157349.2417352890034
2189,240909.64991403554913
2190,82497.36487599133199
2191,82497.36487599133199
2192,86089.83390287300419
2193,99809.081586426525305
2194,93259.01261482683532
2195,101489.78776184710594
2196,99625.92101484296741
2197,109187.39656938613287
2198,170309.69041071837165
2199,180762.21971249860415
2200,135406.21795352302011
2201,152731.50376815172046
2202,184219.72740395754656
2203,194449.65205965769579
2204,159653.93532732198652
2205,142505.33354497673487
2206,156853.47293168751827
2207,259875.37374966311442
2208,213147.60405399862469
2209,203408.15618082137146
2210,145287.75051237255742
2211,129686.67890264586696
2212,130749.08770009120639
2213,105562.415521259472264
2214,126751.35019537011662
2215,108525.4770912790994
2216,144901.41073179891129
2217,67047.82375990295978
2218,98957.76947184902818
2219,95754.64884979749932
2220,95655.526991018665726
2221,276869.8045457787818
2222,243224.17398791272666
2223,294018.70086862933593
2224,244830.19244908017069
2225,140509.94923116335742
2226,147118.87783034134839
2227,228769.17478926859536
2228,315229.79537364852544
2229,264254.21510596597997
2230,133186.20258859219119
2231,258198.24063790422458
2232,205571.27057832015907
2233,168938.23749709489461
2234,261694.89242068164947
2235,216620.48304999426637
2236,289777.9816923132352
2237,357540.03741469574905
2238,305634.32869459442682
2239,108193.34085911002285
2240,161052.27808916631876
2241,149647.17646600242061
2242,136231.56746860727955
2243,121269.06272988944013
2244,97120.39450057318372
2245,96233.62750364274329
2246,140085.5381483089971
2247,113357.15191226394686
2248,111035.76630708898748
2249,112114.19434384432619
2250,129470.66669599699291
2251,152350.06803604308733
2252,185152.87028316197751
2253,179181.29623717363546
2254,190251.77395601758707
2255,201827.13834293105499
2256,185270.15420346915515
2257,193903.18029515368391
2258,213196.8021234933456
2259,198768.58743856472215
2260,163889.87688038421499
2261,242083.76881169069418
2262,252570.17183371358414
2263,363925.96498271386622
2264,476345.22048422518245
2265,198221.13102052139384
2266,313389.03728857906205
2267,329974.5229901379668
2268,459460.01361677986375
2269,193047.40866694154869
2270,185419.69285665278083
2271,218263.8823076242423
2272,235741.82137615704292
2273,162438.85472398620634
2274,169280.14259579622419
2275,198880.0808290363154
2276,219875.08067350444747
2277,182293.79932173450727
2278,144859.82159933127899
2279,114894.81982060422094
2280,101203.21326576457386
2281,196039.79838839645359
2282,185602.62624195850645
2283,127253.512690760940416
2284,133120.67782952717094
2285,155200.174621351815
2286,117747.440882025719276
2287,352806.48748786516725
2288,302364.09428425532724
2289,347475.8660109697184
2290,446985.40986806635124
2291,320066.6475608459931
2292,442898.70897104172028
2293,454638.3865497304539
2294,457249.05532850952534
2295,498366.45296542994456
2296,303785.5689389538657
2297,326338.02122063203802
2298,390582.0004488560936
2299,416902.44697551473985
2300,325355.42223368306898
2301,279905.14379981990712
2302,283235.9205462429756
2303,284384.8861546357515
2304,325355.11194976746182
2305,172646.2435761066231
2306,172646.2435761066231
2307,197594.136000014401
2308,245521.1262000189812
2309,310135.19154698683553
2310,226506.64618423771284
2311,199925.61290146445543
2312,190247.78233584026384
2313,162794.77335481319678
2314,211625.45833906629002
2315,189858.09591733965718
2316,231008.91527825322927
2317,195637.8750364615989
2318,190464.53956241688095
2319,182474.51885449908632
2320,190527.39809686455925
2321,277726.36718401327443
2322,189192.58833879290391
2323,191015.16456073056632
2324,203524.19294600689788
2325,235462.30880044159561
2326,204302.84202430556795
2327,203845.48229992612622
2328,240655.68004558707331
2329,200753.28164765360273
2330,199506.97043172875361
2331,388814.08361351918404
2332,471217.8555942604884
2333,376040.86133463046986
2334,266122.41097705236947
2335,254399.43241233073907
2336,369764.16644074504103
2337,201543.2402123040849
2338,288683.75347215652764
2339,238602.81468621748564
2340,475773.17251115392995
2341,207520.35729933880557
2342,239202.02319606973766
2343,211790.00779352912258
2344,245576.85978354668985
2345,295354.1809124582012
2346,229091.20528550832019
2347,198605.44201937722588
2348,233325.76148864128024
2349,145024.86670261111165
2350,316627.49590815209731
2351,246211.66174468444667
2352,327174.72076529014353
2353,240909.64991403554913
2354,122979.36263833332076
2355,141433.83289816597632
2356,140056.01633715171951
2357,232442.92787760773605
2358,192348.70774622954296
2359,133594.55256763950845
2360,114028.09431229980325
2361,140072.71342977037452
2362,275296.88715982760408
2363,157735.97292275977637
2364,180080.33053592287315
2365,256969.24624292492548
2366,240152.4366846685828
2367,270224.83679042019898
2368,196414.07336013882917
2369,254228.20376053412251
2370,161673.83400551310132
2371,164184.13824960023348
2372,223814.1706203256319
2373,282235.0234362602091
2374,306493.6414426887447
2375,250171.96028361484044
2376,258353.90995195005983
2377,356027.9389933032184
2378,154815.52646790174607
2379,201234.02348068547286
2380,179775.23743701779354
2381,169664.80397776668076
2382,229850.58443255370838
2383,211428.36937566483388
2384,217620.38917211430987
2385,182430.84450577944827
2386,136339.83507743102774
2387,119676.10058606126118
2388,150023.56195352780045
2389,156540.24946699393924
2390,159382.53654624647355
2391,153832.68918500754911
2392,114034.401790618302186
2393,186281.08596081619272
2394,155192.03420926829884
2395,187086.87869133565584
2396,166335.89144587558131
2397,186916.3860382925276
2398,129718.34479893652782
2399,73000.587425880339
2400,70018.993543194587424
2401,110806.4276415338989
2402,122875.49359991018224
2403,189878.73830618836345
2404,161045.52016645915783
2405,190535.39315435805213
2406,131172.4810089907012
2407,134519.14221034883711
2408,140746.79559516343798
2409,123982.68625067334541
2410,182356.22210959876921
2411,115097.160320426278105
2412,148296.93553773839774
2413,126993.705159305819336
2414,119332.8253185416954
2415,160161.15213423787402
2416,150195.20648007190525
2417,135739.66542834877691
2418,115124.60513181354057
2419,118713.288122534118706
2420,115341.53932771481993
2421,119566.81112612811617
2422,115413.94152718341584
2423,101519.21593142684128
2424,157654.31074176252933
2425,245190.03002259108725
2426,126901.693700581695275
2427,111767.34440857446114
2428,191303.20570926636583
2429,130349.3108957718611
2430,150614.47603163753774
2431,121308.159455538669704
2432,119677.81259296282298
2433,125065.02303912808912
2434,128078.01785722114667
2435,134049.40241411648475
2436,100897.81622588495974
2437,112872.46739232670452
2438,114943.26138058018026
2439,132606.11175816474702
2440,161154.60310311857997
2441,118797.09661968390126
2442,116633.06749319584687
2443,131083.06729945746353
2444,134502.7222967640563
2445,100555.35797572623345
2446,137554.57478407321219
2447,258393.08836656913067
2448,145844.71063409279813
2449,132796.57672570061405
2450,170707.92413740817295
2451,120947.39886432952946
2452,226481.58988534736912
2453,89768.51200216023725
2454,97183.119962877414295
2455,115376.63441612836427
2456,126659.8767092160231
2457,119545.603659509811344
2458,131992.41534699088278
2459,113543.681260766635916
2460,163455.16305406445316
2461,119767.44180721400109
2462,127327.077718710323914
2463,135523.65200425876097
2464,173318.99052167480662
2465,161728.2705212352659
2466,139056.63101348174662
2467,208461.16009236852257
2468,115035.378560078384595
2469,122330.627056332776945
2470,191278.76005566437031
2471,181600.0709097228787
2472,198822.6197945235905
2473,120939.094281972270196
2474,110479.637480645474255
2475,222063.32054486267236
2476,136920.84993773732845
2477,116843.26063342323325
2478,155231.85228779085821
2479,117294.42358819788529
2480,156138.2822994941954
2481,135857.51823139702293
2482,129156.56055684553781
2483,129941.21404787515516
2484,153262.90912905042069
2485,114725.21624909891653
2486,131315.54458738123336
2487,177782.14115976326744
2488,153523.30173970130518
2489,161840.90277057285499
2490,124933.177471362797554
2491,103970.11911297392606
2492,174564.44755582105894
2493,155795.57946424517124
2494,176937.09799727409968
2495,101363.36314031158901
2496,239889.8850040680874
2497,150778.60011178733154
2498,113071.67770900414438
2499,105009.1615178777595
2500,119562.25006310244646
2501,132295.75347270247406
2502,130799.7228604233754
2503,110793.64180132163423
2504,181228.4432585576206
2505,203355.20487212262714
2506,298789.5690361454786
2507,375275.98345288444506
2508,327372.6006791702063
2509,276515.41967499562574
2510,242911.69603755711476
2511,193290.02769064388391
2512,202444.0097331885535
2513,236548.05921209337521
2514,263878.47847367779042
2515,147772.6013271841567
2516,181127.19090865856637
2517,125699.125885946953595
2518,129923.61823692389974
2519,223814.81096158117504
2520,215798.38721116076921
2521,226645.36997215788953
2522,204102.25604999725863
2523,150711.03177882139155
2524,157105.58164973839604
2525,136272.23896823220144
2526,157387.3618166714182
2527,130133.43603952488775
2528,128449.38947768115245
2529,130696.97641328310903
2530,109584.227105152579256
2531,220114.04754179124288
2532,210942.38409450372447
2533,198621.7315915738966
2534,241977.59189063202548
2535,281732.6778154741139
2536,212352.05368096089944
2537,239087.76148324882315
2538,215066.56300346831159
2539,189695.93209687840283
2540,169155.55749530351122
2541,186114.16749481776908
2542,168722.00122780376444
2543,115783.37027363377973
2544,120759.53194867989192
2545,142673.13857865372998
2546,166154.83320402263558
2547,155614.12144144210804
2548,177493.46732418593383
2549,139513.57812077303824
2550,1183487.886837917511
2551,148081.27347836696597
2552,116736.001484058288156
2553,82497.36487599133199
2554,111989.059291767149276
2555,124165.62020313898661
2556,96508.430829258854565
2557,113034.80432063333218
2558,148197.68635561185937
2559,133531.1191217086454
2560,134686.27745632632744
2561,144524.6435057001363
2562,136935.8673291587064
2563,139586.50938205996209
2564,192994.20956408084469
2565,137919.35340071290193
2566,135300.88528469667443
2567,162104.58334149536203
2568,209273.06629409368429
2569,204917.11784317540437
2570,145597.34168394030237
2571,157299.57942138041426
2572,230818.20711915779518
2573,247854.66129049632082
2574,295730.17134498835958
2575,159760.24735777161493
2576,116523.556486014922555
2577,2.5344108174481011267e+268
2578,110788.46448408091496
2579,68164.31412836797917
2580,125871.26711730117936
2581,123799.1953555003879
2582,115278.52699445799706
2583,275072.2407539730386
2584,187921.24565800843382
2585,177887.80046014346267
2586,227780.81400705430337
2587,232053.99092368579602
2588,168413.18224457637217
2589,177723.82648358697134
2590,234214.62851549995258
2591,184908.64962714752114
2592,247806.68209852849559
2593,271098.84457067362933
2594,192294.9676348054108
2595,250979.91305850813247
2596,316019.93119444580555
2597,205061.19680333447205
2598,271807.1362886282478
2599,452834.38886380302725
2600,167441.40143781575615
2601,173896.81655815293738
2602,99282.950644012698795
2603,97249.966663514430365
2604,88200.787420158710134
2605,99327.557086258231905
2606,137036.59169171719982
2607,194807.70005926489532
2608,180095.61595024573793
2609,164293.6235634947964
2610,97986.359560673640416
2611,124050.81123301037844
2612,153081.77307326517611
2613,127143.36608837003742
2614,113357.2600190735302
2615,191291.34735281863476
2616,153562.25232074742247
2617,224433.38092306658422
2618,205757.99397126120985
2619,229573.02125564252461
2620,192534.07036936890589
2621,185456.12361128891106
2622,202070.19220532361642
2623,283763.13638103399273
2624,318038.36966233685195
2625,354232.26458342988073
2626,186553.80424140196052
2627,243927.09144843743134
2628,446813.22613866578988
2629,576719.4139776250582
2630,406715.0953117944262
2631,522831.79224684365178
2632,446225.14831747928275
2633,291085.593992479588
2634,405265.4819601971945
2635,180567.69700047825604
2636,203436.48012148193031
2637,206011.08619132443485
2638,258561.69723650994818
2639,172750.33326247826966
2640,158582.90126384702896
2641,113989.16966796691898
2642,190122.81442233807269
2643,146425.30929044752797
2644,138430.11135137159512
2645,125201.664359641826884
2646,123066.65231282698058
2647,127253.512690760940416
2648,156456.96816010043372
2649,126091.37472344236916
2650,155066.28211574569883
2651,162981.80670637725673
2652,444239.68612033349154
2653,296589.07315183546632
2654,266981.87695658596945
2655,404059.8770258267091
2656,386357.52036693280394
2657,343303.20320369746656
2658,298250.36295487490452
2659,350202.1627859379885
2660,365348.94114881713
2661,391605.44873668412313
2662,387547.26412781617103
2663,332130.54849984724632
2664,279767.9706225524461
2665,349365.87564465777245
2666,289399.6228774125744
2667,159360.65005122946913
2668,184931.9284453929823
2669,195563.25896108821871
2670,349197.32611404166093
2671,215961.03231523132635
2672,192619.28693110180626
2673,200186.2308410590725
2674,201072.1143534499589
2675,183683.26049282954197
2676,222952.22894804029997
2677,210022.82855731728333
2678,303343.7877581896594
2679,324943.00603607592242
2680,308456.82425982995514
2681,458021.98364591355934
2682,384744.82908576931442
2683,529161.7922019363738
2684,365790.3134078754436
2685,387937.01292389412652
2686,278522.35492243794874
2687,330612.6995975574962
2688,237686.4134268213661
2689,224527.14884507662538
2690,423605.4566359372619
2691,174391.72828847785954
2692,137267.71424644499942
2693,227094.96841356209721
2694,124262.40256242023284
2695,195633.02412657155867
2696,220875.47480866891837
2697,206534.94656040395198
2698,188607.82116792049345
2699,175366.37999806377046
2700,164650.93670511489044
2701,181605.95940661279103
2702,136634.00792058061602
2703,154620.75828613196586
2704,159901.70020619513494
2705,133564.4879822858329
2706,114135.368906681688735
2707,152514.33796280034315
2708,135157.47560665475801
2709,112670.81425016190291
2710,131502.77636317785642
2711,298993.6621151754813
2712,358620.86219820750554
2713,187826.64310317505904
2714,174540.30983011481713
2715,162644.0913551049997
2716,195203.63612278431916
2717,189453.12671015877113
2718,271768.77496301537545
2719,164384.0548577756413
2720,195673.51425438566824
2721,136784.46300996227957
2722,153296.67669861132525
2723,153597.11121710217517
2724,113149.561034542660856
2725,136300.57325628138159
2726,125091.86217570825768
2727,153234.55596434967
2728,195076.52911793446546
2729,140026.90136988172358
2730,128267.97295098806964
2731,125837.30005622133734
2732,117987.54461647327894
2733,149415.30069237336386
2734,141600.24116953305347
2735,124020.52884301479353
2736,129882.98349958739717
2737,115528.57948696398752
2738,185317.86619809595229
2739,190961.43279237236717
2740,177992.84356157441731
2741,129917.91869645329082
2742,191649.61125814834458
2743,127773.504836179517135
2744,139788.8667505921032
2745,136172.07641458973211
2746,118398.74208814896597
2747,154356.44337116102227
2748,129719.21077187935169
2749,118343.20104110866992
2750,120340.59461605275558
2751,113590.03654921162017
2752,254030.92452772227873
2753,152724.80369007401082
2754,256070.20535095732417
2755,162061.45681434335002
2756,83600.88082211381919
2757,95950.455579539485754
2758,91252.81421525852372
2759,164402.71152317583176
2760,138421.26641485577447
2761,139368.36154391551
2762,141956.38752193382393
2763,183137.8762300090938
2764,171803.32807114338144
2765,278977.2027129012517
2766,114194.59808380228631
2767,91573.45940498943427
2768,126374.88421626148999
2769,124149.8720711827872
2770,180752.39379288727758
2771,112936.857178299940344
2772,105793.612460158814784
2773,157952.5898625678925
2774,138119.55736860021658
2775,120324.06934770963302
2776,159329.0415308972651
2777,186033.60299917564159
2778,141319.36377582210669
2779,140284.33771531221709
2780,135338.05216124851198
2781,112003.58531163760148
2782,95987.06513733773866
2783,94961.28069150462974
2784,134525.04360640672225
2785,144942.87357507347173
2786,77484.408866590646106
2787,134425.39606723730122
2788,86549.270189501989165
2789,220402.03344028000217
2790,104156.100949570695704
2791,135488.37233534263763
2792,82185.37428783169622
2793,176150.49224025705193
2794,91099.94994966874328
2795,120839.02278995141692
2796,119593.49683123188088
2797,221555.00299281194785
2798,119803.540793805803
2799,115529.901625642214476
2800,95812.563048025920104
2801,133270.5687281195318
2802,124444.443735826466366
2803,206305.40948462377499
2804,133909.74562801256371
2805,102913.578357994631645
2806,128977.22030292016971
2807,155561.74288944807465
2808,158850.81750874279103
2809,149398.34481040740904
2810,120438.070990646677195
2811,173314.85830034791182
2812,177859.471503400063
2813,207409.55852684169786
2814,182791.16566126555793
2815,113216.80818204239332
2816,229684.70722638214463
2817,136132.47342104691677
2818,128122.48659896497574
2819,162100.71848928370284
2820,124826.58683535575213
2821,117942.3191830827812
2822,214737.82702478261952
2823,291931.84162530896998
2824,188187.21193782097546
2825,131094.19379587902792
2826,120361.024820519013886
2827,150458.27881565834808
2828,235670.78836779538123
2829,249511.00424266927449
2830,271833.0591685647121
2831,214508.99280813514082
2832,199922.18096315507852
2833,287890.57221953931773
2834,234024.39846396439992
2835,216018.5020872780143
2836,220991.35951960483933
2837,174320.89297152728595
2838,137950.5297942403461
2839,190801.60189748548166
2840,228828.52533597962932
2841,229145.39457280610236
2842,232952.67531940196108
2843,158951.440649252104
2844,217492.582120165939
2845,112876.98855300005394
2846,229158.72535345892001
2847,189427.6528905008752
2848,224093.74692472499603
2849,204722.37157100376555
2850,340063.57085716200956
2851,233639.49972604648303
2852,282687.03758311064544
2853,211855.05522605681568
2854,145962.98447750638687
2855,201018.81262184234302
2856,228695.88066022319722
2857,193613.80946024869095
2858,196520.31025860074047
2859,122381.73679459124681
2860,131588.58600095134233
2861,125374.559138781582156
2862,198978.35300984978889
2863,115555.465947664796545
2864,263671.6990567721371
2865,148081.27347836696597
2866,196838.80268252498645
2867,97483.409208658383164
2868,160882.34104870129529
2869,119874.39953874980556
2870,149311.88549857202466
2871,98171.18695955421863
2872,68499.730311069131936
2873,103822.97876798276564
2874,132134.86099832416994
2875,138925.9334005686038
2876,157831.82575344381353
2877,142273.39738542157149
2878,167119.14719051877768
2879,128770.249128093471775
2880,121550.77109277277827
2881,144967.34221734328024
2882,133766.02445751413744
2883,230209.9204414561579
2884,253993.37642605656643
2885,200563.44888827356053
2886,155518.57722736302028
2887,117039.20967201448083
2888,159520.9165702609632
2889,80117.621190130305784
2890,92404.593803825512715
2891,150846.19873748813755
2892,67151.427018916841824
2893,107682.97123532213674
2894,72040.35810765584718
2895,283226.73675873177865
2896,276705.88140957766421
2897,213346.09217954759573
2898,192071.54788857141028
2899,236056.10684627815219
2900,163621.57587694312949
2901,214646.30499962264979
2902,199525.42705124333625
2903,311441.38812616069555
2904,353973.2489571585796
2905,69412.2375071170289
2906,276994.98996683001886
2907,112667.483280721944055
2908,129178.610629291417915
2909,219183.35471453894947
2910,81768.59601185973297
2911,99282.950644012698795
2912,128445.34704665822064
2913,99327.557086258231905
2914,88200.787420158710134
2915,88200.787420158710134
2916,99327.557086258231905
2917,145639.42034313151204
2918,102995.46550853574615
2919,249053.83958699491403
